{"cameraMode":{"drawMode":0,"name":"Shaded","section":"Shading Mode"},"sceneLighting":true,"audioPlay":false,"sceneViewState":{"showFog":true,"showMaterialUpdate":false,"showSkybox":true,"showFlares":true,"showImageEffects":true,"showParticleSystems":true},"in2DMode":false,"pivot":{"x":-0.030740022659301759,"y":0.020759105682373048,"z":0.02036881446838379},"rotation":{"x":-0.06904812157154083,"y":0.9068734049797058,"z":-0.16390836238861085,"w":-0.3820302188396454},"size":4.0578837394714359,"orthographic":false}