{"cameraMode":{"drawMode":0,"name":"Shaded","section":"Shading Mode"},"sceneLighting":false,"audioPlay":false,"sceneViewState":{"showFog":true,"showMaterialUpdate":false,"showSkybox":true,"showFlares":true,"showImageEffects":true,"showParticleSystems":true},"in2DMode":false,"pivot":{"x":0.43000006675720217,"y":1.7699999809265137,"z":2.8399999141693117},"rotation":{"x":-0.2088220864534378,"y":-0.4659930467605591,"z":0.11418956518173218,"w":-0.8521763682365418},"size":1.4536739587783814,"orthographic":false}