{"cameraMode":{"drawMode":0,"name":"Shaded","section":"Shading Mode"},"sceneLighting":false,"audioPlay":false,"sceneViewState":{"showFog":true,"showMaterialUpdate":false,"showSkybox":true,"showFlares":true,"showImageEffects":true,"showParticleSystems":true},"in2DMode":false,"pivot":{"x":1.430999994277954,"y":0.020759157836437227,"z":0.02036881446838379},"rotation":{"x":-0.10789804905653,"y":-0.06050960347056389,"z":0.006579505745321512,"w":-0.9922969937324524},"size":1.4289520978927613,"orthographic":false}